{
    "map": {
        "file": "Data\\SKSE\\Plugins\\sse-maptrack\\map.dds",
        "offset": [
            0.4744400084018707,
            0.3990499973297119
        ],
        "scale": [
            2.043456788669573e-06,
            2.0431389202713035e-06
        ],
        "tint": "0xffffffff",
        "uv": [
            0.0,
            0.0,
            1.0,
            0.7580000162124634
        ]
    },
    "version": {
        "major": 1,
        "minor": 3,
        "patch": 2,
        "timestamp": "2020-08-28T12:56:31.619645+00:00"
    }
}