{
    "map": {
        "file": "Data\\SKSE\\Plugins\\sse-maptrack\\map.dds",
        "offset": [
            0.4765999913215637,
            0.37599998712539673
        ],
        "scale": [
            2.3818597583158407e-06,
            2.3818597583158407e-06
        ],
        "tint": "0xffffffff",
        "uv": [
            0.0,
            0.0,
            1.0,
            0.7110000252723694
        ]
    },
    "version": {
        "major": 1,
        "minor": 3,
        "patch": 2,
        "timestamp": "2020-08-28T15:46:51.713269+00:00"
    }
}